[{"countryId":"US","name":"Allentown","location":"-75.438333, 40.654722","friendlyName":"Allentown, PA"},{"countryId":"US","name":"Abilene Municipal","location":"-99.679722, 32.409444","friendlyName":"Abilene, TX"},{"countryId":"US","name":"Ambler","location":"-157.845833, 67.0875","friendlyName":"Ambler, AK"},{"countryId":"US","name":"Albuquerque","location":"-106.609268, 35.042084","friendlyName":"Albuquerque, NM"},{"countryId":"US","name":"Aberdeen","location":"-98.426111, 45.4525","friendlyName":"Aberdeen, SD"},{"countryId":"US","name":"Albany Dougherty County","location":"-84.196111, 31.532222","friendlyName":"Albany, GA"},{"countryId":"US","name":"Nantucket","location":"-70.059722, 41.256667","friendlyName":"Nantucket, MA"},{"countryId":"US","name":"Waco Municipal","location":"-97.230278, 31.607778","friendlyName":"Waco, TX"},{"countryId":"US","name":"Arcata","location":"-124.1075, 40.979167","friendlyName":"Arcata, CA"},{"countryId":"US","name":"Adak Island","location":"-176.644722, 51.882778","friendlyName":"Adak Island, AK"},{"countryId":"US","name":"Kodiak","location":"-152.483333, 57.754167","friendlyName":"Kodiak, AK"},{"countryId":"US","name":"Ada","location":"-96.666667, 34.8"},{"countryId":"US","name":"Allakaket","location":"-152.658333, 66.561667","friendlyName":"Allakaket, AK"},{"countryId":"US","name":"Alexandria Internation","location":"-92.55, 31.333333","friendlyName":"Alexandria, LA"},{"countryId":"US","name":"Alexandria Esler Field","location":"-92.296944, 31.395"},{"countryId":"US","name":"Angoon","location":"-134.583333, 57.503889","friendlyName":"Angoon, AK"},{"countryId":"US","name":"Augusta Bush Field","location":"-81.966944, 33.366389","friendlyName":"Augusta, GA"},{"countryId":"US","name":"Athens Ben Epps","location":"-83.3269, 33.9483","friendlyName":"Athens, GA"},{"countryId":"US","name":"Alliance","location":"-102.806625, 42.050567","friendlyName":"Alliance, NE"},{"countryId":"US","name":"Wainwright","location":"-160.033333, 70.633333","friendlyName":"Wainwright, AK"},{"countryId":"US","name":"Atlantic City International","location":"-74.583333, 39.45","friendlyName":"Atlantic City, NJ"},{"countryId":"US","name":"Atka","location":"-174.200833, 52.217222","friendlyName":"Atka, AK"},{"countryId":"US","name":"Akiak","location":"-161.223333, 60.905556","friendlyName":"Akiak, AK"},{"countryId":"US","name":"Akhiok","location":"-154.166667, 56.944444","friendlyName":"Akhiok, AK"},{"countryId":"US","name":"King Salmon","location":"-156.635556, 58.668611","friendlyName":"King Salmon, AK"},{"countryId":"US","name":"Anaktuvuk","location":"-151.74, 68.1375","friendlyName":"Anaktuvuk, AK"},{"countryId":"US","name":"Akron / Canton Regional","location":"-81.441667, 40.913889","friendlyName":"Akron, OH"},{"countryId":"US","name":"Albany","location":"-73.805278, 42.745833","friendlyName":"Albany, NY"},{"countryId":"US","name":"Waterloo","location":"-92.399722, 42.556111","friendlyName":"Waterloo, IA"},{"countryId":"US","name":"Alamosa","location":"-105.865288, 37.436975","friendlyName":"Alamosa, CO"},{"countryId":"US","name":"Walla Walla","location":"-118.291111, 46.094722","friendlyName":"Walla Walla, WA"},{"countryId":"US","name":"Alitak","location":"-154.245833, 56.895833","friendlyName":"Alitak, AK"},{"countryId":"US","name":"Amarillo International","location":"-101.705589, 35.221082","friendlyName":"Amarillo, TX"},{"countryId":"US","name":"Anchorage International","location":"-149.985278, 61.169167","friendlyName":"Anchorage, AK"},{"countryId":"US","name":"Aniak","location":"-159.533333, 61.566667","friendlyName":"Aniak, AK"},{"countryId":"US","name":"Anvik","location":"-160.188889, 62.647778","friendlyName":"Anvik, AK"},{"countryId":"US","name":"Martinsburg","location":"-78.32, 40.297222","friendlyName":"Martinsburg, PA"},{"countryId":"US","name":"Amook","location":"-153.833333, 57.466667","friendlyName":"Amook, AK"},{"countryId":"US","name":"Naples","location":"-81.775278, 26.152778","friendlyName":"Naples, FL"},{"countryId":"US","name":"Alpena","location":"-83.555833, 45.081667","friendlyName":"Alpena, MI"},{"countryId":"US","name":"Arctic Village","location":"-145.524444, 68.1375","friendlyName":"Arctic Village, AK"},{"countryId":"US","name":"Watertown","location":"-76.021389, 43.990833","friendlyName":"Watertown, NY"},{"countryId":"US","name":"Aspen","location":"-106.86985, 39.224275","friendlyName":"Aspen, CO"},{"countryId":"US","name":"Atqasuk","location":"-157.333333, 70.5","friendlyName":"Atqasuk, AK"},{"countryId":"US","name":"Atlanta Hartsfield-Jackson","location":"-84.427222, 33.640833","friendlyName":"Atlanta, GA"},{"countryId":"US","name":"Atlanta De Kalb / Peachtree","location":"-84.30456, 33.87737"},{"countryId":"US","name":"Atmautluak","location":"-162.2675, 60.866944","friendlyName":"Atmautluak, AK"},{"countryId":"US","name":"Appleton","location":"-88.521111, 44.258889","friendlyName":"Appleton, WI"},{"countryId":"US","name":"Watertown","location":"-97.154167, 44.908889","friendlyName":"Watertown, SD"},{"countryId":"US","name":"Augusta","location":"-69.796667, 44.318056","friendlyName":"Augusta, ME"},{"countryId":"US","name":"Alakanuk","location":"-164.610833, 62.689167","friendlyName":"Alakanuk, AK"},{"countryId":"US","name":"Austin-Bergstrom","location":"-97.666667, 30.2","friendlyName":"Austin, TX"},{"countryId":"US","name":"Wausau Central Wisconsin","location":"-89.659167, 44.782222","friendlyName":"Wausau, WI"},{"countryId":"US","name":"Asheville","location":"-82.541111, 35.435","friendlyName":"Asheville, NC"},{"countryId":"US","name":"Wilkes-Barre International","location":"-75.725833, 41.339167","friendlyName":"Wilkes-Barre, PA"},{"countryId":"US","name":"Kalamazoo","location":"-85.553611, 42.236389","friendlyName":"Kalamazoo, MI"},{"countryId":"US","name":"Benson","location":"-95.65087, 45.33163"},{"countryId":"US","name":"Bedford / Hanscom","location":"-71.29, 42.470833"},{"countryId":"US","name":"Bethel","location":"-161.831389, 60.784444","friendlyName":"Bethel, AK"},{"countryId":"US","name":"Bradford","location":"-78.639444, 41.802222","friendlyName":"Bradford, PA"},{"countryId":"US","name":"Scottsbluff","location":"-103.595924, 41.873907","friendlyName":"Scottsbluff, NE"},{"countryId":"US","name":"Bakersfield","location":"-119.052222, 35.43","friendlyName":"Bakersfield, CA"},{"countryId":"US","name":"Binghamton","location":"-75.969167, 42.201389","friendlyName":"Binghamton, NY"},{"countryId":"US","name":"Bangor","location":"-68.827778, 44.807778","friendlyName":"Bangor, ME"},{"countryId":"US","name":"Bar Harbor","location":"-68.361667, 44.448889","friendlyName":"Bar Harbor, ME"},{"countryId":"US","name":"Birmingham","location":"-86.755556, 33.563056","friendlyName":"Birmingham, AL"},{"countryId":"US","name":"Block Island","location":"-71.579167, 41.166667","friendlyName":"Block Island, RI"},{"countryId":"US","name":"Billings","location":"-108.548012, 45.810376","friendlyName":"Billings, MT"},{"countryId":"US","name":"Bismarck","location":"-100.745833, 46.772778","friendlyName":"Bismarck, ND"},{"countryId":"US","name":"Bemidji","location":"-94.934722, 47.509722","friendlyName":"Bemidji, MN"},{"countryId":"US","name":"Buckland","location":"-161.126667, 65.978889","friendlyName":"Buckland, AK"},{"countryId":"US","name":"Beckley","location":"-81.124167, 37.781944","friendlyName":"Beckley, WV"},{"countryId":"US","name":"Boulder City","location":"-114.8333, 35.9833","friendlyName":"Boulder City, NV"},{"countryId":"US","name":"Bellingham","location":"-122.534722, 48.794444","friendlyName":"Bellingham, WA"},{"countryId":"US","name":"Belleville","location":"-89.853058, 38.542594","friendlyName":"Belleville, IL"},{"countryId":"US","name":"Bloomington-Normal","location":"-88.9275, 40.481944","friendlyName":"Bloomington-Normal, IL"},{"countryId":"US","name":"Nashville","location":"-86.681944, 36.126667","friendlyName":"Nashville, TN"},{"countryId":"US","name":"Boone","location":"-93.883333, 42.066667"},{"countryId":"US","name":"Boise","location":"-116.226425, 43.562481","friendlyName":"Boise, ID"},{"countryId":"US","name":"Boston Logan International","location":"-71.005278, 42.365","friendlyName":"Boston, MA"},{"countryId":"US","name":"Beaumont Jefferson County","location":"-94.02, 29.950833","friendlyName":"Beaumont, TX"},{"countryId":"US","name":"Brainerd","location":"-94.1375, 46.397222","friendlyName":"Brainerd, MN"},{"countryId":"US","name":"Burlington","location":"-91.123333, 40.786111","friendlyName":"Burlington, IA"},{"countryId":"US","name":"Brownsville","location":"-97.423333, 25.908889","friendlyName":"Brownsville, TX"},{"countryId":"US","name":"Barrow Wiley Post / W.Rogers M","location":"-156.769444, 71.283333","friendlyName":"Barrow, AK"},{"countryId":"US","name":"Pohakuloa","location":"-157.75, 21.383333"},{"countryId":"US","name":"Barter Island","location":"-143.578333, 70.134722","friendlyName":"Barter Island, AK"},{"countryId":"US","name":"Butte","location":"-112.493889, 45.951111","friendlyName":"Butte, MT"},{"countryId":"US","name":"Baton Rouge Ryan","location":"-91.150556, 30.531667","friendlyName":"Baton Rouge, LA"},{"countryId":"US","name":"Bettles","location":"-151.526389, 66.915278","friendlyName":"Bettles, AK"},{"countryId":"US","name":"Burlington","location":"-73.153056, 44.472778","friendlyName":"Burlington, VT"},{"countryId":"US","name":"Buffalo Niagara","location":"-78.736389, 42.941111","friendlyName":"Buffalo, NY"},{"countryId":"US","name":"Burbank","location":"-118.357778, 34.2","friendlyName":"Burbank, CA"},{"countryId":"US","name":"Baltimore Glenn L Martin","location":"-76.411667, 39.321667"},{"countryId":"US","name":"Blytheville Municipal","location":"-89.83064, 35.94035"},{"countryId":"US","name":"Bozeman","location":"-111.151772, 45.77782","friendlyName":"Bozeman, MT"},{"countryId":"US","name":"Columbia Metropolitan","location":"-81.115833, 33.936389","friendlyName":"Columbia, SC"},{"countryId":"US","name":"Upland Cable","location":"-117.688889, 34.113889"},{"countryId":"US","name":"Concord","location":"-122.055556, 37.988889"},{"countryId":"US","name":"Cold Bay","location":"-162.719722, 55.199722","friendlyName":"Cold Bay, AK"},{"countryId":"US","name":"Cedar City","location":"-113.097382, 37.701479","friendlyName":"Cedar City, UT"},{"countryId":"US","name":"Chadron","location":"-103.097076, 42.835192","friendlyName":"Chadron, NE"},{"countryId":"US","name":"Cordova Mudhole Smith","location":"-145.47, 60.493056","friendlyName":"Cordova, AK"},{"countryId":"US","name":"Cordova City","location":"-145.75, 60.55"},{"countryId":"US","name":"Crescent City","location":"-124.235833, 41.78","friendlyName":"Crescent City, CA"},{"countryId":"US","name":"Chicopee","location":"-72.53871, 42.19903"},{"countryId":"US","name":"Central","location":"-144.781944, 65.574722","friendlyName":"Central, AK"},{"countryId":"US","name":"Cortez","location":"-108.628006, 37.302733","friendlyName":"Cortez, CO"},{"countryId":"US","name":"Craig","location":"-133.146111, 55.479167","friendlyName":"Craig, AK"},{"countryId":"US","name":"Cape Girardeau","location":"-89.571667, 37.223611","friendlyName":"Cape Girardeau, MO"},{"countryId":"US","name":"Chattanooga","location":"-85.203611, 35.036389","friendlyName":"Chattanooga, TN"},{"countryId":"US","name":"Chicago Merrill C Meigs","location":"-87.608333, 41.858889"},{"countryId":"US","name":"Chicago Midway","location":"-87.751944, 41.785","friendlyName":"Chicago, IL"},{"countryId":"US","name":"Chicago O'Hare International","location":"-87.906111, 41.978056","friendlyName":"Chicago, IL"},{"countryId":"US","name":"Chicago Pal-Waukee","location":"-87.908889, 41.980833"},{"countryId":"US","name":"Chicago Rockford","location":"-89.097222, 42.195278","friendlyName":"Chicago, IL"},{"countryId":"US","name":"Charlottesville","location":"-78.453056, 38.141389","friendlyName":"Charlottesville, VA"},{"countryId":"US","name":"Charleston","location":"-80.038889, 32.899167","friendlyName":"Charleston, SC"},{"countryId":"US","name":"Chuathbaluk","location":"-159, 61.833333","friendlyName":"Chuathbaluk, AK"},{"countryId":"US","name":"Chico","location":"-121.856667, 39.795833","friendlyName":"Chico, CA"},{"countryId":"US","name":"Cedar Rapids","location":"-91.706111, 41.884444","friendlyName":"Cedar Rapids, IA"},{"countryId":"US","name":"Chalkyitsik","location":"-143.729167, 66.648056","friendlyName":"Chalkyitsik, AK"},{"countryId":"US","name":"El Cajon","location":"-116.966667, 32.8"},{"countryId":"US","name":"Clarksburg","location":"-80.229444, 39.295556","friendlyName":"Clarksburg, WV"},{"countryId":"US","name":"Crooked Creek","location":"-158.100833, 61.870833","friendlyName":"Crooked Creek, AK"},{"countryId":"US","name":"Chicken","location":"-141.949167, 64.067778","friendlyName":"Chicken, AK"},{"countryId":"US","name":"Cleveland Burke Lakefront","location":"-81.683333, 41.516944","friendlyName":"Cleveland, OH"},{"countryId":"US","name":"Cleveland Hopkins International","location":"-81.848056, 41.411944","friendlyName":"Cleveland, OH"},{"countryId":"US","name":"College Station","location":"-96.364444, 30.589444","friendlyName":"College Station, TX"},{"countryId":"US","name":"Port Angeles","location":"-123.493611, 48.118889","friendlyName":"Port Angeles, WA"},{"countryId":"US","name":"Clarks Point","location":"-158.543056, 58.843056","friendlyName":"Clarks Point, AK"},{"countryId":"US","name":"Calipatria","location":"-115.516667, 33.133333"},{"countryId":"US","name":"Charlotte Douglas","location":"-80.935833, 35.219167","friendlyName":"Charlotte, NC"},{"countryId":"US","name":"St. Pete–Clearwater International","location":"-82.683333, 27.916667","friendlyName":"Clearwater, FL"},{"countryId":"US","name":"Port Columbus","location":"-82.878333, 39.991111","friendlyName":"Columbus, OH"},{"countryId":"US","name":"Columbus Rickenbacker","location":"-82.933333, 39.816667","friendlyName":"Columbus, OH"},{"countryId":"US","name":"Champaign","location":"-88.279722, 40.039722","friendlyName":"Champaign, IL"},{"countryId":"US","name":"Hancock","location":"-88.486389, 47.167778","friendlyName":"Hancock, MI"},{"countryId":"US","name":"Carlsbad","location":"-104.262778, 32.337222","friendlyName":"Carlsbad, NM"},{"countryId":"US","name":"Moab","location":"-109.746112, 38.759444","friendlyName":"Moab, UT"},{"countryId":"US","name":"Cody / Yellowstone","location":"-109.025917, 44.519031","friendlyName":"Cody / Yellowstone, WY"},{"countryId":"US","name":"Colorado Springs Peterson Field","location":"-104.70108, 38.803865","friendlyName":"Colorado Springs, CO"},{"countryId":"US","name":"Columbia","location":"-92.219167, 38.813611","friendlyName":"Columbia, MO"},{"countryId":"US","name":"Casper","location":"-106.462669, 42.903382","friendlyName":"Casper, WY"},{"countryId":"US","name":"Corpus Christi International","location":"-97.501389, 27.772222","friendlyName":"Corpus Christi, TX"},{"countryId":"US","name":"Charleston","location":"-81.593056, 38.372778","friendlyName":"Charleston, WV"},{"countryId":"US","name":"Columbus Metropolitain","location":"-84.941483, 32.513815","friendlyName":"Columbus, GA"},{"countryId":"US","name":"Columbus Mckenna AAF","location":"-84.983333, 32.466667"},{"countryId":"US","name":"San Luis Obispo O'Sullivan AAF","location":"-120.639167, 35.236667"},{"countryId":"US","name":"San Luis Obispo County","location":"-120.639167, 35.236667","friendlyName":"San Luis Obispo, CA"},{"countryId":"US","name":"Cincinnati Northern Kentucky","location":"-84.668611, 39.047778","friendlyName":"Cincinnati, KY"},{"countryId":"US","name":"Cincinnati Municipal","location":"-84.666667, 39.033333","friendlyName":"Cincinnati, OH"},{"countryId":"US","name":"Clovis Municipal","location":"-103.079224, 34.427302","friendlyName":"Clovis, NM"},{"countryId":"US","name":"Coldfoot","location":"-150.166667, 67.266667","friendlyName":"Coldfoot, AK"},{"countryId":"US","name":"Chefornak","location":"-164.2, 60.216667","friendlyName":"Chefornak, AK"},{"countryId":"US","name":"Cheyenne","location":"-104.818153, 41.156686","friendlyName":"Cheyenne, WY"},{"countryId":"US","name":"Daytona Beach","location":"-81.052778, 29.1825","friendlyName":"Daytona Beach, FL"},{"countryId":"US","name":"Dayton International","location":"-84.221111, 39.9","friendlyName":"Dayton, OH"},{"countryId":"US","name":"Dubuque","location":"-90.710833, 42.41","friendlyName":"Dubuque, IA"},{"countryId":"US","name":"Dubois","location":"-112.233334, 44.166667"},{"countryId":"US","name":"Dodge City","location":"-99.965, 37.761667","friendlyName":"Dodge City, KS"},{"countryId":"US","name":"Decatur","location":"-88.868611, 39.834167","friendlyName":"Decatur, IL"},{"countryId":"US","name":"Denver Arapahoe Co","location":"-104.983333, 39.733333"},{"countryId":"US","name":"Denver International","location":"-104.675331, 39.862317","friendlyName":"Denver, CO"},{"countryId":"US","name":"Dallas Love Field","location":"-96.853333, 32.846944","friendlyName":"Dallas, TX"},{"countryId":"US","name":"Dallas Fort Worth International","location":"-97.029723, 32.894444","friendlyName":"Dallas, TX"},{"countryId":"US","name":"Dothan","location":"-85.448333, 31.32","friendlyName":"Dothan, AL"},{"countryId":"US","name":"Dickinson","location":"-102.9, 46.833333","friendlyName":"Dickinson, ND"},{"countryId":"US","name":"Dillingham","location":"-158.5, 59.05","friendlyName":"Dillingham, AK"},{"countryId":"US","name":"Duluth International","location":"-92.190278, 46.8425","friendlyName":"Duluth, MN"},{"countryId":"US","name":"Dora Bay","location":"-132.266667, 55.2125","friendlyName":"Dora Bay, AK"},{"countryId":"US","name":"Deering","location":"-162.733333, 66.080833","friendlyName":"Deering, AK"},{"countryId":"US","name":"Durango La Plata","location":"-107.75322, 37.153202","friendlyName":"Durango, CO"},{"countryId":"US","name":"Del Rio International","location":"-100.92041, 29.374397","friendlyName":"Del Rio, TX"},{"countryId":"US","name":"Destin","location":"-86.5, 30.383333"},{"countryId":"US","name":"Des Moines","location":"-93.656667, 41.533889","friendlyName":"Des Moines, IA"},{"countryId":"US","name":"Detroit City","location":"-83.016667, 42.416667","friendlyName":"Detroit, MI"},{"countryId":"US","name":"Detroit Wayne County","location":"-83.348611, 42.218611","friendlyName":"Detroit, MI"},{"countryId":"US","name":"Dubois","location":"-78.898889, 41.178333","friendlyName":"Dubois, PA"},{"countryId":"US","name":"Dutch Harbor","location":"-166.535833, 53.901111","friendlyName":"Dutch Harbor, AK"},{"countryId":"US","name":"Devils Lake","location":"-98.9075, 48.113056","friendlyName":"Devils Lake, ND"},{"countryId":"US","name":"Eagle","location":"-141.148611, 64.776667","friendlyName":"Eagle, AK"},{"countryId":"US","name":"Kearney","location":"-98.998889, 40.728333","friendlyName":"Kearney, NE"},{"countryId":"US","name":"Wenatchee","location":"-120.207778, 47.399722","friendlyName":"Wenatchee, WA"},{"countryId":"US","name":"Eau Claire","location":"-91.487222, 44.864444","friendlyName":"Eau Claire, WI"},{"countryId":"US","name":"Edna Bay","location":"-133.666667, 55.95","friendlyName":"Edna Bay, AK"},{"countryId":"US","name":"Eek","location":"-162.016667, 60.216667","friendlyName":"Eek, AK"},{"countryId":"US","name":"Vail Eagle County","location":"-106.919975, 39.642446","friendlyName":"Vail, CO"},{"countryId":"US","name":"Egegik","location":"-157.375202, 58.187719","friendlyName":"Egegik, AK"},{"countryId":"US","name":"Elko","location":"-115.789722, 40.823889","friendlyName":"Elko, NV"},{"countryId":"US","name":"El Dorado","location":"-92.814722, 33.220556","friendlyName":"El Dorado, AR"},{"countryId":"US","name":"Elim","location":"-162.270278, 64.613611","friendlyName":"Elim, AK"},{"countryId":"US","name":"Elmira","location":"-76.895278, 42.160833","friendlyName":"Elmira, NY"},{"countryId":"US","name":"El Paso Biggs AAF","location":"-106.38026, 31.84955","friendlyName":"El Paso, TX"},{"countryId":"US","name":"El Paso International","location":"-106.398611, 31.801111","friendlyName":"El Paso, TX"},{"countryId":"US","name":"Elfin Cove","location":"-136.316667, 58.183333","friendlyName":"Elfin Cove, AK"},{"countryId":"US","name":"Emmonak","location":"-164.520833, 62.776944","friendlyName":"Emmonak, AK"},{"countryId":"US","name":"Kenai","location":"-151.251111, 60.5675","friendlyName":"Kenai, AK"},{"countryId":"US","name":"Erie","location":"-80.178611, 42.08","friendlyName":"Erie, PA"},{"countryId":"US","name":"Errol","location":"-71.133333, 44.783333"},{"countryId":"US","name":"Escanaba","location":"-87.086667, 45.720556","friendlyName":"Escanaba, MI"},{"countryId":"US","name":"Deer Harbor Seaplane","location":"-123.007865, 48.618343","friendlyName":"Eastsound, WA"},{"countryId":"US","name":"Eastsound","location":"-122.9125, 48.708333","friendlyName":"Eastsound, WA"},{"countryId":"US","name":"Eugene","location":"-123.2175, 44.120833","friendlyName":"Eugene, OR"},{"countryId":"US","name":"Evansville","location":"-87.5325, 38.036667","friendlyName":"Evansville, IN"},{"countryId":"US","name":"Fall River","location":"-70.959167, 41.676944","friendlyName":"Fall River, MA"},{"countryId":"US","name":"New Bern","location":"-77.0425, 35.073611","friendlyName":"New Bern, NC"},{"countryId":"US","name":"Excursion Inlet","location":"-135.447222, 58.420833","friendlyName":"Excursion Inlet, AK"},{"countryId":"US","name":"Key West International","location":"-81.759722, 24.556111","friendlyName":"Key West, FL"},{"countryId":"US","name":"Fairbanks Eielson AFB","location":"-147.716667, 64.85","friendlyName":"Fairbanks, AK"},{"countryId":"US","name":"Fairbanks International","location":"-147.862778, 64.814444","friendlyName":"Fairbanks, AK"},{"countryId":"US","name":"Farmington","location":"-90.428681, 37.761809","friendlyName":"Farmington, MO"},{"countryId":"US","name":"Fargo","location":"-96.814722, 46.915556","friendlyName":"Fargo, ND"},{"countryId":"US","name":"Fresno Yosemite","location":"-119.713611, 36.771111","friendlyName":"Fresno, CA"},{"countryId":"US","name":"Fayetteville Municipal","location":"-78.881111, 34.989444","friendlyName":"Fayetteville, NC"},{"countryId":"US","name":"Friday Harbor SPB","location":"-123.006111, 48.543611","friendlyName":"Friday Harbor SPB, WA"},{"countryId":"US","name":"Kalispell","location":"-114.252663, 48.312885","friendlyName":"Kalispell, MT"},{"countryId":"US","name":"Franklin","location":"-79.859722, 41.379167","friendlyName":"Franklin, PA"},{"countryId":"US","name":"Fond Du Lac","location":"-88.484444, 43.771667","friendlyName":"Fond Du Lac, WI"},{"countryId":"US","name":"Fort Lauderdale Executive","location":"-80.17032, 26.19758","friendlyName":"Fort Lauderdale, FL"},{"countryId":"US","name":"Florence","location":"-79.724444, 34.188889","friendlyName":"Florence, SC"},{"countryId":"US","name":"Farmington","location":"-108.230095, 36.741085","friendlyName":"Farmington, NM"},{"countryId":"US","name":"Fort Myers Page Field","location":"-81.866667, 26.583333","friendlyName":"Fort Myers, FL"},{"countryId":"US","name":"Fort Myers Southwest Florida Reg","location":"-81.755167, 26.536167","friendlyName":"Fort Myers, FL"},{"countryId":"US","name":"Flint","location":"-83.741667, 42.966667","friendlyName":"Flint, MI"},{"countryId":"US","name":"Fort Dodge","location":"-94.189722, 42.5525","friendlyName":"Fort Dodge, IA"},{"countryId":"US","name":"Friday Harbor","location":"-123.023889, 48.526389","friendlyName":"Friday Harbor, WA"},{"countryId":"US","name":"Sioux Falls","location":"-96.740833, 43.578889","friendlyName":"Sioux Falls, SD"},{"countryId":"US","name":"Fort Smith","location":"-94.37, 35.336111","friendlyName":"Fort Smith, AR"},{"countryId":"US","name":"Fort Wayne","location":"-85.1881, 40.9783","friendlyName":"Fort Wayne, IN"},{"countryId":"US","name":"Fort Yukon","location":"-145.208333, 66.581111","friendlyName":"Fort Yukon, AK"},{"countryId":"US","name":"Fayetteville Municipal (Drake Fld)","location":"-94.17, 36.003611","friendlyName":"Fayetteville, AR"},{"countryId":"US","name":"Fayetteville Northwest Arkansas Rgn","location":"-94.306667, 36.281667","friendlyName":"Fayetteville, AR"},{"countryId":"US","name":"Galena","location":"-156.931667, 64.736389","friendlyName":"Galena, AK"},{"countryId":"US","name":"Gambell","location":"-171.7375, 63.766667","friendlyName":"Gambell, AK"},{"countryId":"US","name":"Great Bend","location":"-98.864167, 38.347222","friendlyName":"Great Bend, KS"},{"countryId":"US","name":"Gillette","location":"-105.542221, 44.348159","friendlyName":"Gillette, WY"},{"countryId":"US","name":"Garden City","location":"-100.729722, 37.928611","friendlyName":"Garden City, KS"},{"countryId":"US","name":"Grand Canyon Pulliam Field","location":"-111.669167, 35.140278","friendlyName":"Grand Canyon, AZ"},{"countryId":"US","name":"Grand Canyon National Park","location":"-112.145004, 35.955221","friendlyName":"Grand Canyon, AZ"},{"countryId":"US","name":"Glendive","location":"-104.806137, 47.138826","friendlyName":"Glendive, MT"},{"countryId":"US","name":"Spokane International","location":"-117.537222, 47.616944","friendlyName":"Spokane, WA"},{"countryId":"US","name":"Grand Forks","location":"-97.178611, 47.951944","friendlyName":"Grand Forks, ND"},{"countryId":"US","name":"East Texas Regional","location":"-94.715278, 32.386667","friendlyName":"Longview, TX"},{"countryId":"US","name":"Glasgow","location":"-106.616135, 48.212091","friendlyName":"Glasgow, MT"},{"countryId":"US","name":"Grand Junction","location":"-108.515053, 39.118608","friendlyName":"Grand Junction, CO"},{"countryId":"US","name":"Greenville","location":"-90.985, 33.484444","friendlyName":"Greenville, MS"},{"countryId":"US","name":"Golovin","location":"-163.0375, 64.544167","friendlyName":"Golovin, AK"},{"countryId":"US","name":"Goodnews Bay","location":"-161.580556, 59.1125","friendlyName":"Goodnews Bay, AK"},{"countryId":"US","name":"Gainesville","location":"-82.275833, 29.689722","friendlyName":"Gainesville, FL"},{"countryId":"US","name":"Gulfport","location":"-89.070278, 30.406111","friendlyName":"Gulfport, MS"},{"countryId":"US","name":"Green Bay","location":"-88.130556, 44.488056","friendlyName":"Green Bay, WI"},{"countryId":"US","name":"Grand Island","location":"-98.306667, 40.967222","friendlyName":"Grand Island, NE"},{"countryId":"US","name":"Gordon","location":"-102.200001, 42.8"},{"countryId":"US","name":"Grand Rapids","location":"-85.524167, 42.881111","friendlyName":"Grand Rapids, MI"},{"countryId":"US","name":"Greensboro / High Point","location":"-79.942778, 36.091944","friendlyName":"Greensboro / High Point, NC"},{"countryId":"US","name":"Greenville-Spartanburg","location":"-82.21859, 34.896069","friendlyName":"Greenville, SC"},{"countryId":"US","name":"Gustavus Arpt","location":"-135.705, 58.4275","friendlyName":"Gustavus, AK"},{"countryId":"US","name":"Great Falls International","location":"-111.361885, 47.484265","friendlyName":"Great Falls, MT"},{"countryId":"US","name":"Grants Pass","location":"-123.387999, 42.510111"},{"countryId":"US","name":"Gunnison","location":"-106.939888, 38.532859","friendlyName":"Gunnison, CO"},{"countryId":"US","name":"Harrisburg Skyport","location":"-76.852222, 40.216111","friendlyName":"Harrisburg, PA"},{"countryId":"US","name":"Harrisburg International","location":"-76.762222, 40.193056","friendlyName":"Harrisburg, PA"},{"countryId":"US","name":"Holy Cross","location":"-159.771667, 62.188889","friendlyName":"Holy Cross, AK"},{"countryId":"US","name":"Hayden","location":"-107.221756, 40.482471","friendlyName":"Hayden, CO"},{"countryId":"US","name":"Hartford Bradley International","location":"-72.683333, 41.938611","friendlyName":"Hartford, CT"},{"countryId":"US","name":"Hartford Brainard","location":"-72.65, 41.733056","friendlyName":"Hartford, CT"},{"countryId":"US","name":"Hagerstown","location":"-77.73, 39.707778","friendlyName":"Hagerstown, MD"},{"countryId":"US","name":"Hilton Head","location":"-80.683333, 32.216667","friendlyName":"Hilton Head, SC"},{"countryId":"US","name":"Hawthorne","location":"-118.336389, 33.926944","friendlyName":"Hawthorne, CA"},{"countryId":"US","name":"Hibbing","location":"-92.838611, 47.388611","friendlyName":"Hibbing, MN"},{"countryId":"US","name":"Healy Lake","location":"-148.966667, 63.866667","friendlyName":"Healy Lake, AK"},{"countryId":"US","name":"Branson","location":"-93.20055, 36.53208","friendlyName":"Branson, CA"},{"countryId":"US","name":"Helena","location":"-111.981239, 46.605582","friendlyName":"Helena, MT"},{"countryId":"US","name":"Hoonah","location":"-135.403333, 58.098056","friendlyName":"Hoonah, AK"},{"countryId":"US","name":"Honolulu International","location":"-157.921667, 21.325833","friendlyName":"Honolulu, HI"},{"countryId":"US","name":"Hana","location":"-156.018889, 20.795833","friendlyName":"Hana, HI"},{"countryId":"US","name":"Haines","location":"-135.518889, 59.245833","friendlyName":"Haines, AK"},{"countryId":"US","name":"Hobbs Lea County","location":"-103.216944, 32.688611","friendlyName":"Hobbs, NM"},{"countryId":"US","name":"Homer","location":"-151.476389, 59.645278","friendlyName":"Homer, AK"},{"countryId":"US","name":"Hopkinsville","location":"-87.495461, 36.673238","friendlyName":"Hopkinsville, KY"},{"countryId":"US","name":"Hot Springs","location":"-93.096112, 34.478889","friendlyName":"Hot Springs, AR"},{"countryId":"US","name":"Houston Andrau Airpark","location":"-95.666667, 29.833333"},{"countryId":"US","name":"Houston Hobby","location":"-95.278611, 29.645","friendlyName":"Houston, TX"},{"countryId":"US","name":"Houston George Bush Intercntl.","location":"-95.34, 29.983333","friendlyName":"Houston, TX"},{"countryId":"US","name":"Hooper Bay","location":"-166.145278, 61.525","friendlyName":"Hooper Bay, AK"},{"countryId":"US","name":"Westchester County","location":"-73.707778, 41.068889","friendlyName":"Westchester County, NY"},{"countryId":"US","name":"Harlingen","location":"-97.65, 26.233333","friendlyName":"Harlingen, TX"},{"countryId":"US","name":"Harrison","location":"-93.155556, 36.261667","friendlyName":"Harrison, AR"},{"countryId":"US","name":"Huslia","location":"-156.375, 65.7025","friendlyName":"Huslia, AK"},{"countryId":"US","name":"Huntsville International","location":"-86.775556, 34.642778","friendlyName":"Huntsville, AL"},{"countryId":"US","name":"Ashland","location":"-82.556111, 38.366944","friendlyName":"Ashland, WV"},{"countryId":"US","name":"Hughes Municipal","location":"-154.263333, 66.040556","friendlyName":"Hughes, AK"},{"countryId":"US","name":"New Haven","location":"-72.888333, 41.265278","friendlyName":"New Haven, CT"},{"countryId":"US","name":"Havre","location":"-109.761314, 48.542296","friendlyName":"Havre, MT"},{"countryId":"US","name":"Hyannis","location":"-70.280556, 41.665833","friendlyName":"Hyannis, MA"},{"countryId":"US","name":"Hydaburg","location":"-132.826667, 55.206667","friendlyName":"Hydaburg, AK"},{"countryId":"US","name":"Hollis","location":"-132.646265, 55.48182","friendlyName":"Hollis, AK"},{"countryId":"US","name":"Hays","location":"-99.274167, 38.846111","friendlyName":"Hays, KS"},{"countryId":"US","name":"Niagara Falls","location":"-78.95, 43.1","friendlyName":"Niagara Falls, NY"},{"countryId":"US","name":"Kiana","location":"-160.430556, 66.975556","friendlyName":"Kiana, AK"},{"countryId":"US","name":"Wichita Mid-Continent","location":"-97.428333, 37.6525","friendlyName":"Wichita, KS"},{"countryId":"US","name":"Idaho Falls","location":"-112.07119, 43.515693","friendlyName":"Idaho Falls, ID"},{"countryId":"US","name":"Bullhead City","location":"-114.559444, 35.156111","friendlyName":"Bullhead City, AZ"},{"countryId":"US","name":"Igiugig","location":"-155.9, 59.316667","friendlyName":"Igiugig, AK"},{"countryId":"US","name":"Nikolski","location":"-168.85, 52.941667","friendlyName":"Nikolski, AK"},{"countryId":"US","name":"Killeen Gray AAF","location":"-97.822952, 31.059846","friendlyName":"Killeen, TX"},{"countryId":"US","name":"Iliamna","location":"-154.908333, 59.752778","friendlyName":"Iliamna, AK"},{"countryId":"US","name":"Wilmington","location":"-77.903889, 34.266944","friendlyName":"Wilmington, NC"},{"countryId":"US","name":"Iron Mountain","location":"-88.114167, 45.815556","friendlyName":"Iron Mountain, MI"},{"countryId":"US","name":"Indianapolis","location":"-86.281667, 39.728889","friendlyName":"Indianapolis, IN"},{"countryId":"US","name":"International Falls","location":"-93.404167, 48.563056","friendlyName":"International Falls, MN"},{"countryId":"US","name":"Winston-Salem","location":"-80.2229, 36.1343","friendlyName":"Winston-Salem, NC"},{"countryId":"US","name":"Imperial County","location":"-115.574722, 32.837222","friendlyName":"Imperial, CA"},{"countryId":"US","name":"Williamsport","location":"-76.920556, 41.242222","friendlyName":"Williamsport, PA"},{"countryId":"US","name":"Circle","location":"-144.063889, 65.829167","friendlyName":"Circle, AK"},{"countryId":"US","name":"Kirksville","location":"-92.543889, 40.0925","friendlyName":"Kirksville, MO"},{"countryId":"US","name":"Williston","location":"-103.636111, 48.176111","friendlyName":"Williston, ND"},{"countryId":"US","name":"Islip","location":"-73.100278, 40.795278","friendlyName":"Islip, NY"},{"countryId":"US","name":"Ithaca","location":"-76.458056, 42.490278","friendlyName":"Ithaca, NY"},{"countryId":"US","name":"Hilo","location":"-155.058056, 19.723611","friendlyName":"Hilo, HI"},{"countryId":"US","name":"Ironwood","location":"-90.131667, 46.525556","friendlyName":"Ironwood, MI"},{"countryId":"US","name":"Inyokern","location":"-117.829167, 35.656667","friendlyName":"Inyokern, CA"},{"countryId":"US","name":"Jackson Hole","location":"-110.737724, 43.606996","friendlyName":"Jackson, WY"},{"countryId":"US","name":"Jackson-Evers International","location":"-90.075188, 32.314121","friendlyName":"Jackson, MS"},{"countryId":"US","name":"Jacksonville International","location":"-81.689722, 30.4925","friendlyName":"Jacksonville, FL"},{"countryId":"US","name":"Jonesboro","location":"-90.648333, 35.83","friendlyName":"Jonesboro, AR"},{"countryId":"US","name":"Kapalua","location":"-156.676667, 20.964722","friendlyName":"Kapalua, HI"},{"countryId":"US","name":"Jamestown","location":"-79.258056, 42.150556","friendlyName":"Jamestown, NY"},{"countryId":"US","name":"Joplin","location":"-94.497778, 37.149722","friendlyName":"Joplin, MO"},{"countryId":"US","name":"Jamestown","location":"-98.678333, 46.93","friendlyName":"Jamestown, ND"},{"countryId":"US","name":"Juneau","location":"-134.574722, 58.355556","friendlyName":"Juneau, AK"},{"countryId":"US","name":"Johnstown","location":"-78.834444, 40.316667","friendlyName":"Johnstown, PA"},{"countryId":"US","name":"Kake","location":"-133.917332, 56.963977","friendlyName":"Kake, AK"},{"countryId":"US","name":"Kaltag","location":"-158.736111, 64.321944","friendlyName":"Kaltag, AK"},{"countryId":"US","name":"Birch Creek","location":"-145.8, 66.266667","friendlyName":"Birch Creek, AK"},{"countryId":"US","name":"Coffman Cove","location":"-132.833333, 55.983333","friendlyName":"Coffman Cove, AK"},{"countryId":"US","name":"Chignik Fisheries","location":"-158.373611, 56.310833","friendlyName":"Chignik, AK"},{"countryId":"US","name":"Chignik Lagoon","location":"-158.536577, 56.311395","friendlyName":"Chignik, AK"},{"countryId":"US","name":"Chignik Lake","location":"-158.775702, 56.255462","friendlyName":"Chignik, AK"},{"countryId":"US","name":"Nanwalek","location":"-151.922222, 59.352778","friendlyName":"Nanwalek, AK"},{"countryId":"US","name":"Kenmore Air Harbor","location":"-122.259979, 47.75655","friendlyName":"Kenmore Air Harbor, WA"},{"countryId":"US","name":"Ekwok","location":"-157.4775, 59.355278","friendlyName":"Ekwok, AK"},{"countryId":"US","name":"False Pass","location":"-163.409167, 54.849167","friendlyName":"False Pass, AK"},{"countryId":"US","name":"New Koliganek","location":"-157.233333, 59.8","friendlyName":"New Koliganek, AK"},{"countryId":"US","name":"Grayling","location":"-160.0625, 62.895278","friendlyName":"Grayling, AK"},{"countryId":"US","name":"Koyuk","location":"-161.15, 64.939444","friendlyName":"Koyuk, AK"},{"countryId":"US","name":"Kitoi Bay","location":"-152.35, 58.183333","friendlyName":"Kitoi Bay, AK"},{"countryId":"US","name":"Kongiganak","location":"-162.75, 59.966667","friendlyName":"Kongiganak, AK"},{"countryId":"US","name":"Akiachak","location":"-161.422222, 60.906944","friendlyName":"Akiachak, CA"},{"countryId":"US","name":"Kalakaket","location":"-156.841111, 64.425"},{"countryId":"US","name":"Kalskag","location":"-160.324444, 61.538333","friendlyName":"Kalskag, AK"},{"countryId":"US","name":"Levelock","location":"-156.863333, 59.118611","friendlyName":"Levelock, AK"},{"countryId":"US","name":"Larsen Bay","location":"-154, 57.533333","friendlyName":"Larsen Bay, AK"},{"countryId":"US","name":"Klawock","location":"-133.101554, 55.554612","friendlyName":"Klawock, AK"},{"countryId":"US","name":"Manokotak","location":"-159.035833, 58.984444","friendlyName":"Manokotak, AK"},{"countryId":"US","name":"Moser Bay","location":"-154.14583, 57.02556","friendlyName":"Moser Bay, AK"},{"countryId":"US","name":"Kakhonak","location":"-154.85, 59.433333","friendlyName":"Kakhonak, AK"},{"countryId":"US","name":"New Stuyahok","location":"-157.329722, 59.452222","friendlyName":"New Stuyahok, AK"},{"countryId":"US","name":"Kona","location":"-156.05, 19.733333","friendlyName":"Kona, HI"},{"countryId":"US","name":"Kotlik","location":"-163.560278, 63.029722","friendlyName":"Kotlik, AK"},{"countryId":"US","name":"Olga Bay","location":"-154.2275, 57.162222","friendlyName":"Olga Bay, AK"},{"countryId":"US","name":"Ouzinkie SPB","location":"-152.507057, 57.921777","friendlyName":"Ouzinkie, AK"},{"countryId":"US","name":"Point Baker","location":"-133.583333, 56.333333","friendlyName":"Point Baker, AK"},{"countryId":"US","name":"Kipnuk","location":"-164.05, 59.933333","friendlyName":"Kipnuk, AK"},{"countryId":"US","name":"Port Williams","location":"-152.583333, 58.433333","friendlyName":"Port Williams, AK"},{"countryId":"US","name":"Perryville","location":"-159.157133, 55.908761","friendlyName":"Perryville, AK"},{"countryId":"US","name":"Port Bailey","location":"-153.033333, 57.933333","friendlyName":"Port Bailey, AK"},{"countryId":"US","name":"Akutan","location":"-165.783333, 54.133333","friendlyName":"Akutan, AK"},{"countryId":"US","name":"Saint Marys","location":"-163.298056, 62.061667","friendlyName":"Saint Marys, AK"},{"countryId":"US","name":"Thorne Bay","location":"-132.535, 55.688333","friendlyName":"Thorne Bay, AK"},{"countryId":"US","name":"Ketchikan International","location":"-131.712084, 55.355843","friendlyName":"Ketchikan, AK"},{"countryId":"US","name":"Ketchikan Waterfront SPB","location":"-131.668333, 55.358056","friendlyName":"Ketchikan, AK"},{"countryId":"US","name":"Teller Mission","location":"-166.471667, 65.329444","friendlyName":"Teller Mission, AK"},{"countryId":"US","name":"Kasigluk","location":"-162.52472, 60.87194","friendlyName":"Kasigluk, AK"},{"countryId":"US","name":"King Cove","location":"-162.313333, 55.055","friendlyName":"King Cove, AK"},{"countryId":"US","name":"Kivalina","location":"-164.547222, 67.731667","friendlyName":"Kivalina, AK"},{"countryId":"US","name":"Waterfall","location":"-133.241667, 55.297222","friendlyName":"Waterfall, AK"},{"countryId":"US","name":"Kwigillingok","location":"-163.133333, 59.833333","friendlyName":"Kwigillingok, AK"},{"countryId":"US","name":"Quinhagak","location":"-161.833333, 59.761111","friendlyName":"Quinhagak, AK"},{"countryId":"US","name":"West Point","location":"-153.55, 57.766944","friendlyName":"West Point, AK"},{"countryId":"US","name":"Kwethluk","location":"-161.4375, 60.808889","friendlyName":"Kwethluk, AK"},{"countryId":"US","name":"Kasaan","location":"-132.395833, 55.537778","friendlyName":"Kasaan, AK"},{"countryId":"US","name":"Karluk","location":"-154.45, 57.566111","friendlyName":"Karluk, AK"},{"countryId":"US","name":"Koyukuk","location":"-157.713056, 64.878056","friendlyName":"Koyukuk, AK"},{"countryId":"US","name":"Zachar Bay","location":"-153.75, 57.55","friendlyName":"Zachar Bay, AK"},{"countryId":"US","name":"Lakeland","location":"-82.014722, 27.988889","friendlyName":"Lakeland, FL"},{"countryId":"US","name":"Los Alamos","location":"-106.316667, 35.883333","friendlyName":"Los Alamos, NM"},{"countryId":"US","name":"Lansing","location":"-84.588333, 42.779167","friendlyName":"Lansing, MI"},{"countryId":"US","name":"Laramie","location":"-105.670624, 41.31495","friendlyName":"Laramie, WY"},{"countryId":"US","name":"Las Vegas Mccarran","location":"-115.15225, 36.080056","friendlyName":"Las Vegas, NV"},{"countryId":"US","name":"Lawton","location":"-98.416111, 34.569722","friendlyName":"Lawton, OK"},{"countryId":"US","name":"Los Angeles International","location":"-118.407222, 33.942222","friendlyName":"Los Angeles, CA"},{"countryId":"US","name":"Lubbock International","location":"-101.822778, 33.662222","friendlyName":"Lubbock, TX"},{"countryId":"US","name":"Latrobe","location":"-79.402778, 40.276389","friendlyName":"Latrobe, PA"},{"countryId":"US","name":"North Platte","location":"-100.696667, 41.128333","friendlyName":"North Platte, NE"},{"countryId":"US","name":"Liberal","location":"-100.960556, 37.044444","friendlyName":"Liberal, KS"},{"countryId":"US","name":"Lake Charles","location":"-93.225556, 30.131111","friendlyName":"Lake Charles, LA"},{"countryId":"US","name":"Lebanon","location":"-72.305833, 43.628056","friendlyName":"Lebanon, NH"},{"countryId":"US","name":"Lexington Blue Grass","location":"-84.602222, 38.039722","friendlyName":"Lexington, KY"},{"countryId":"US","name":"Lafayette","location":"-91.9875, 30.204722","friendlyName":"Lafayette, LA"},{"countryId":"US","name":"Long Beach Municipal","location":"-118.151111, 33.8175","friendlyName":"Long Beach, CA"},{"countryId":"US","name":"Kauai Island Lihue","location":"-159.345833, 21.979167","friendlyName":"Kauai Island, HI"},{"countryId":"US","name":"Little Rock","location":"-92.234444, 34.729167","friendlyName":"Little Rock, AR"},{"countryId":"US","name":"Lake Minchumina","location":"-152.316667, 63.883333","friendlyName":"Lake Minchumina, AK"},{"countryId":"US","name":"Klamath Falls","location":"-121.735833, 42.163056","friendlyName":"Klamath Falls, OR"},{"countryId":"US","name":"Lincoln","location":"-96.761389, 40.845833","friendlyName":"Lincoln, NE"},{"countryId":"US","name":"Lancaster","location":"-76.299722, 40.121111","friendlyName":"Lancaster, PA"},{"countryId":"US","name":"Lanai City","location":"-156.949444, 20.784722","friendlyName":"Lanai City, HI"},{"countryId":"US","name":"Lovelock","location":"-118.566667, 40.058333"},{"countryId":"US","name":"Lopez Island","location":"-122.935556, 48.482778","friendlyName":"Lopez Island, WA"},{"countryId":"US","name":"Laredo","location":"-99.461111, 27.544722","friendlyName":"Laredo, TX"},{"countryId":"US","name":"La Crosse","location":"-91.256389, 43.877222","friendlyName":"La Crosse, WI"},{"countryId":"US","name":"Hattiesburg-Laurel","location":"-89.3367, 31.4675","friendlyName":"Laurel, MS"},{"countryId":"US","name":"Kalaupapa","location":"-156.974444, 21.211111","friendlyName":"Kalaupapa, HI"},{"countryId":"US","name":"Cape Lisburne","location":"-166.106944, 68.875833","friendlyName":"Cape Lisburne, AK"},{"countryId":"US","name":"Lewisburg","location":"-80.398611, 37.859722","friendlyName":"Lewisburg, WV"},{"countryId":"US","name":"Lewiston-Nez Perce County","location":"-117.0168, 46.3728","friendlyName":"Lewiston, ID"},{"countryId":"US","name":"Lynchburg","location":"-79.201111, 37.326944","friendlyName":"Lynchburg, VA"},{"countryId":"US","name":"Midland Odessa Regional","location":"-102.201389, 31.940833","friendlyName":"Midland, TX"},{"countryId":"US","name":"Manistee","location":"-86.253333, 44.273889","friendlyName":"Manistee, MI"},{"countryId":"US","name":"Midland","location":"-84.083333, 43.533333","friendlyName":"Midland, MI"},{"countryId":"US","name":"Merced Municipal Arpt","location":"-120.512778, 37.284722","friendlyName":"Merced, CA"},{"countryId":"US","name":"Mcgrath","location":"-155.657639, 62.97875","friendlyName":"Mcgrath, AK"},{"countryId":"US","name":"Mccook","location":"-100.59288, 40.210081","friendlyName":"Mccook, NE"},{"countryId":"US","name":"Macon Lewis B Wilson","location":"-83.647778, 32.695556","friendlyName":"Macon, GA"},{"countryId":"US","name":"Mason City","location":"-93.329444, 43.156944","friendlyName":"Mason City, IA"},{"countryId":"US","name":"Meridian","location":"-88.749167, 32.337222","friendlyName":"Meridian, MS"},{"countryId":"US","name":"Memphis International","location":"-89.978889, 35.049722","friendlyName":"Memphis, TN"},{"countryId":"US","name":"Mcallen","location":"-98.238611, 26.175833","friendlyName":"Mcallen, TX"},{"countryId":"US","name":"Medford","location":"-122.872222, 42.373611","friendlyName":"Medford, OR"},{"countryId":"US","name":"Montgomery Dannelly Fld","location":"-86.391111, 32.3","friendlyName":"Montgomery, AL"},{"countryId":"US","name":"Morgantown","location":"-79.915833, 39.642778","friendlyName":"Morgantown, WV"},{"countryId":"US","name":"Manhattan","location":"-96.668889, 39.142222","friendlyName":"Manhattan, KS"},{"countryId":"US","name":"Manchester","location":"-71.438889, 42.938333","friendlyName":"Manchester, NH"},{"countryId":"US","name":"Fort Lauderdale International","location":"-80.151667, 26.074167","friendlyName":"Miami, FL"},{"countryId":"US","name":"Miami International","location":"-80.286111, 25.7925","friendlyName":"Miami, FL"},{"countryId":"US","name":"Miami SPB","location":"-80.166667, 25.75"},{"countryId":"US","name":"Kansas City Johnson Industrial","location":"-94.9, 38.833333"},{"countryId":"US","name":"Kansas City International","location":"-94.726667, 39.292778","friendlyName":"Kansas City, MO"},{"countryId":"US","name":"Kansas City Downtown","location":"-94.591944, 39.124167","friendlyName":"Kansas City, KS"},{"countryId":"US","name":"Milwaukee General Mitchell","location":"-87.897222, 42.950278","friendlyName":"Milwaukee, WI"},{"countryId":"US","name":"Muskegon","location":"-86.2375, 43.170556","friendlyName":"Muskegon, MI"},{"countryId":"US","name":"Hoolehua","location":"-157.1, 21.152778","friendlyName":"Hoolehua, HI"},{"countryId":"US","name":"Jackson","location":"-88.915278, 35.601389","friendlyName":"Jackson, TN"},{"countryId":"US","name":"Melbourne","location":"-80.630278, 28.1025","friendlyName":"Melbourne, FL"},{"countryId":"US","name":"Moline","location":"-90.505, 41.448889","friendlyName":"Moline, IL"},{"countryId":"US","name":"Malta","location":"-107.9095, 48.494417"},{"countryId":"US","name":"Marshall","location":"-162.068889, 61.865833","friendlyName":"Marshall, AK"},{"countryId":"US","name":"Monroe","location":"-92.038889, 32.511111","friendlyName":"Monroe, LA"},{"countryId":"US","name":"Manley Hot Springs","location":"-150.643056, 64.996667","friendlyName":"Manley Hot Springs, AK"},{"countryId":"US","name":"Mammoth Lakes","location":"-118.845291, 37.630003","friendlyName":"Mammoth Lakes, CA"},{"countryId":"US","name":"Morristown","location":"-74.415833, 40.799167","friendlyName":"Morristown, NJ"},{"countryId":"US","name":"Minto","location":"-149.370289, 65.145393","friendlyName":"Minto, AK"},{"countryId":"US","name":"Mobile Municipal Arpt","location":"-88.240833, 30.688333","friendlyName":"Mobile, AL"},{"countryId":"US","name":"Modesto","location":"-120.955278, 37.626944","friendlyName":"Modesto, CA"},{"countryId":"US","name":"Minot International","location":"-101.280833, 48.259722","friendlyName":"Minot, ND"},{"countryId":"US","name":"Mountain Village","location":"-163.716667, 62.089444","friendlyName":"Mountain Village, AK"},{"countryId":"US","name":"Marquette","location":"-87.558333, 46.534167","friendlyName":"Marquette, MI"},{"countryId":"US","name":"Martinsburg","location":"-77.985, 39.401667"},{"countryId":"US","name":"Carmel Monterey Peninsula","location":"-121.848056, 36.588056","friendlyName":"Carmel, CA"},{"countryId":"US","name":"Muscle Shoals","location":"-87.616111, 34.748611","friendlyName":"Muscle Shoals, AL"},{"countryId":"US","name":"Madison","location":"-89.336615, 43.140327","friendlyName":"Madison, WI"},{"countryId":"US","name":"Missoula","location":"-114.090614, 46.916972","friendlyName":"Missoula, MT"},{"countryId":"US","name":"Minneapolis St Paul","location":"-93.217778, 44.886111","friendlyName":"Minneapolis, MN"},{"countryId":"US","name":"Massena","location":"-74.846667, 44.937778","friendlyName":"Massena, NY"},{"countryId":"US","name":"New Orleans Louis Armstrong","location":"-90.251389, 29.991111","friendlyName":"New Orleans, LA"},{"countryId":"US","name":"Montrose","location":"-107.892952, 38.508147","friendlyName":"Montrose, CO"},{"countryId":"US","name":"Metlakatla","location":"-131.583333, 55.133333","friendlyName":"Metlakatla, AK"},{"countryId":"US","name":"Manitowoc","location":"-87.682222, 44.129722","friendlyName":"Manitowoc, WI"},{"countryId":"US","name":"Kamuela","location":"-155.673333, 20.0125","friendlyName":"Kamuela, HI"},{"countryId":"US","name":"Morrisville-Stowe","location":"-72.614, 44.53502"},{"countryId":"US","name":"Martha's Vineyard","location":"-70.616667, 41.392778","friendlyName":"Martha's Vineyard, MA"},{"countryId":"US","name":"Marion","location":"-89.016389, 37.751944","friendlyName":"Marion, IL"},{"countryId":"US","name":"Myrtle Beach AFB","location":"-78.929722, 33.679167","friendlyName":"Myrtle Beach, SC"},{"countryId":"US","name":"Mekoryuk","location":"-166.268056, 60.372778","friendlyName":"Mekoryuk, AK"},{"countryId":"US","name":"Marana","location":"-111.333333, 32.516667"},{"countryId":"US","name":"Nikolai","location":"-154.383333, 63.016667","friendlyName":"Nikolai, AK"},{"countryId":"US","name":"Naukiti","location":"-133.216667, 55.366667","friendlyName":"Naukiti, AK"},{"countryId":"US","name":"Nelson Lagoon","location":"-161.1525, 56.001389","friendlyName":"Nelson Lagoon, AK"},{"countryId":"US","name":"Nightmute","location":"-164.68556, 60.47028","friendlyName":"Nightmute, AK"},{"countryId":"US","name":"Nondalton","location":"-154.816667, 60","friendlyName":"Nondalton, AK"},{"countryId":"US","name":"Nuiqsut","location":"-151.005556, 70.209722","friendlyName":"Nuiqsut, AK"},{"countryId":"US","name":"Nulato","location":"-158.076667, 64.727778","friendlyName":"Nulato, AK"},{"countryId":"US","name":"Nunapitchuk","location":"-162.466667, 60.894444","friendlyName":"Nunapitchuk, AK"},{"countryId":"US","name":"New York Newark","location":"-74.171667, 40.695833","friendlyName":"New York, NJ"},{"countryId":"US","name":"New York John F. Kennedy","location":"-73.776944, 40.638611","friendlyName":"New York, NY"},{"countryId":"US","name":"New York LaGuardia","location":"-73.875833, 40.779444","friendlyName":"New York, NY"},{"countryId":"US","name":"Stewart International","location":"-74.097222, 41.505833","friendlyName":"New York, NY"},{"countryId":"US","name":"Jacksonville","location":"-77.611667, 34.830278","friendlyName":"Jacksonville, NC"},{"countryId":"US","name":"Oakland Metropolitan Oak","location":"-122.215556, 37.723611","friendlyName":"Oakland, CA"},{"countryId":"US","name":"Kobuk / Wien","location":"-156.883333, 66.910556","friendlyName":"Kobuk, AK"},{"countryId":"US","name":"Washington","location":"-77.05, 35.55"},{"countryId":"US","name":"Ogden Municipal","location":"-112.010833, 41.196389","friendlyName":"Ogden, UT"},{"countryId":"US","name":"Maui Kahului","location":"-156.433611, 20.900556","friendlyName":"Kahului, HI"},{"countryId":"US","name":"Ogdensburg","location":"-75.465833, 44.681667","friendlyName":"Ogdensburg, NY"},{"countryId":"US","name":"Oklahoma City Will Rogers World","location":"-97.601667, 35.392222","friendlyName":"Oklahoma City, OK"},{"countryId":"US","name":"Oklahoma City Tinker AFB","location":"-97.383333, 35.416667"},{"countryId":"US","name":"Wolf Point","location":"-105.575867, 48.094592","friendlyName":"Wolf Point, MT"},{"countryId":"US","name":"Old Harbor","location":"-153.3, 57.204167","friendlyName":"Old Harbor, AK"},{"countryId":"US","name":"Omaha Eppley Airfield","location":"-95.894167, 41.3025","friendlyName":"Omaha, NE"},{"countryId":"US","name":"Nome","location":"-165.441667, 64.511389","friendlyName":"Nome, AK"},{"countryId":"US","name":"Ontario International","location":"-117.608056, 34.057222","friendlyName":"Ontario, CA"},{"countryId":"US","name":"Toksook Bay","location":"-165.108333, 60.531944","friendlyName":"Toksook Bay, AK"},{"countryId":"US","name":"Norfolk NAS Chambers","location":"-76.29115, 36.93012"},{"countryId":"US","name":"Norfolk International","location":"-76.201389, 36.895833","friendlyName":"Norfolk, VA"},{"countryId":"US","name":"Worcester","location":"-71.874444, 42.269167","friendlyName":"Worcester, MA"},{"countryId":"US","name":"Port Lions","location":"-152.843889, 57.886111","friendlyName":"Port Lions, AK"},{"countryId":"US","name":"Orlando International","location":"-81.324921, 28.432166","friendlyName":"Orlando, FL"},{"countryId":"US","name":"Orlando Sanford","location":"-81.2375, 28.777778","friendlyName":"Orlando, FL"},{"countryId":"US","name":"Noorvik","location":"-161.023611, 66.829167","friendlyName":"Noorvik, AK"},{"countryId":"US","name":"Osage Beach","location":"-95.80224, 38.635277"},{"countryId":"US","name":"North Bend","location":"-124.24, 43.418889","friendlyName":"North Bend, OR"},{"countryId":"US","name":"Kotzebue","location":"-162.605833, 66.888056","friendlyName":"Kotzebue, AK"},{"countryId":"US","name":"Owensboro","location":"-87.165833, 37.740833","friendlyName":"Owensboro, KY"},{"countryId":"US","name":"Paducah","location":"-88.7725, 37.061111","friendlyName":"Paducah, KY"},{"countryId":"US","name":"West Palm Beach International","location":"-80.094167, 26.682222","friendlyName":"West Palm Beach, FL"},{"countryId":"US","name":"Pedro Bay","location":"-154.116667, 59.783333","friendlyName":"Pedro Bay, AK"},{"countryId":"US","name":"Pendleton","location":"-118.836111, 45.698333","friendlyName":"Pendleton, OR"},{"countryId":"US","name":"Portland","location":"-122.595, 45.589167","friendlyName":"Portland, OR"},{"countryId":"US","name":"Pelican","location":"-136.233333, 57.95","friendlyName":"Pelican, AK"},{"countryId":"US","name":"Northwest Florida Beaches International","location":"-85.79892, 30.357803","friendlyName":"Panama City, FL"},{"countryId":"US","name":"Panama City Bay County","location":"-85.681944, 30.2125","friendlyName":"Panama City, FL"},{"countryId":"US","name":"Page","location":"-111.447222, 36.926389","friendlyName":"Page, AZ"},{"countryId":"US","name":"Punta Gorda","location":"-81.991389, 26.919167","friendlyName":"Punta Gorda, FL"},{"countryId":"US","name":"Port Graham","location":"-151.833333, 59.35","friendlyName":"Port Graham, AK"},{"countryId":"US","name":"Peach Springs Grand Canyon West","location":"-113.816389, 35.990278","friendlyName":"Peach Springs, AZ"},{"countryId":"US","name":"Pitt-Greenville","location":"-77.385278, 35.633333","friendlyName":"Greenville, NC"},{"countryId":"US","name":"Newport News / Williamsb","location":"-76.493889, 37.130833","friendlyName":"Newport News, VA"},{"countryId":"US","name":"Philadelphia International","location":"-75.242222, 39.871667","friendlyName":"Philadelphia, PA"},{"countryId":"US","name":"Philadelphia Trenton-Mercer","location":"-74.8125, 40.278056","friendlyName":"Philadelphia, PA"},{"countryId":"US","name":"Point Hope","location":"-166.8, 68.35","friendlyName":"Point Hope, AK"},{"countryId":"US","name":"Phoenix-Mesa Gateway","location":"-111.655556, 33.307778","friendlyName":"Phoenix, AZ"},{"countryId":"US","name":"Phoenix Luke AFB","location":"-111.916667, 33.616667"},{"countryId":"US","name":"Phoenix Sky Harbor","location":"-112.011795, 33.43316","friendlyName":"Phoenix, AZ"},{"countryId":"US","name":"Greater Peoria","location":"-89.687222, 40.661389","friendlyName":"Peoria, IL"},{"countryId":"US","name":"Pocatello","location":"-112.590294, 42.909669","friendlyName":"Pocatello, ID"},{"countryId":"US","name":"Pilot Point Arpt","location":"-157.560833, 57.563611","friendlyName":"Pilot Point, AK"},{"countryId":"US","name":"Pilot Point Ugashik Bay","location":"-157.742643, 57.424992","friendlyName":"Pilot Point, AK"},{"countryId":"US","name":"Pierre","location":"-100.284167, 44.383611","friendlyName":"Pierre, SD"},{"countryId":"US","name":"Pittsburgh Int'l Apt.","location":"-80.235833, 40.496667","friendlyName":"Pittsburgh, PA"},{"countryId":"US","name":"Point Lay","location":"-163.008613, 69.741023","friendlyName":"Point Lay, AK"},{"countryId":"US","name":"Napaskiak","location":"-161.758056, 60.710833","friendlyName":"Napaskiak, AK"},{"countryId":"US","name":"Parkersburg","location":"-81.438889, 39.345556","friendlyName":"Parkersburg, WV"},{"countryId":"US","name":"Plattsburgh AFB","location":"-73.468056, 44.650833","friendlyName":"Plattsburgh, NY"},{"countryId":"US","name":"Pellston","location":"-84.792778, 45.570833","friendlyName":"Pellston, MI"},{"countryId":"US","name":"Port Moller","location":"-160.265551, 56.03676","friendlyName":"Port Moller, AK"},{"countryId":"US","name":"Pensacola","location":"-87.188333, 30.4725","friendlyName":"Pensacola, FL"},{"countryId":"US","name":"Port Protection","location":"-133.610187, 56.328745","friendlyName":"Port Protection, AK"},{"countryId":"US","name":"Presque Isle","location":"-68.0475, 46.685","friendlyName":"Presque Isle, ME"},{"countryId":"US","name":"Pilot Station","location":"-162.890556, 61.934722","friendlyName":"Pilot Station, AK"},{"countryId":"US","name":"Prescott","location":"-112.424812, 34.649308","friendlyName":"Prescott, AZ"},{"countryId":"US","name":"Pasco","location":"-119.114722, 46.263889","friendlyName":"Pasco, WA"},{"countryId":"US","name":"Petersburg","location":"-132.9425, 56.804167","friendlyName":"Petersburg, AK"},{"countryId":"US","name":"Portsmouth","location":"-70.8217, 43.07601","friendlyName":"Portsmouth, NH"},{"countryId":"US","name":"Palm Springs International","location":"-116.505, 33.826667","friendlyName":"Palm Springs, CA"},{"countryId":"US","name":"Port Alsworth","location":"-154.31861, 60.20417","friendlyName":"Port Alsworth, AK"},{"countryId":"US","name":"Port Heiden","location":"-158.6375, 56.956667","friendlyName":"Port Heiden, AK"},{"countryId":"US","name":"Pontiac","location":"-83.411389, 42.664722","friendlyName":"Pontiac, MI"},{"countryId":"US","name":"Platinum","location":"-161.816944, 59.011389","friendlyName":"Platinum, AK"},{"countryId":"US","name":"Pueblo","location":"-104.504013, 38.28805","friendlyName":"Pueblo, CO"},{"countryId":"US","name":"Poulsbo","location":"-122.638321, 47.733089"},{"countryId":"US","name":"Pullman","location":"-117.105, 46.744722","friendlyName":"Pullman, WA"},{"countryId":"US","name":"Provincetown","location":"-70.221667, 42.071944","friendlyName":"Provincetown, MA"},{"countryId":"US","name":"Providence","location":"-71.426111, 41.728333","friendlyName":"Providence, RI"},{"countryId":"US","name":"Provo","location":"-111.722222, 40.218056","friendlyName":"Provo, UT"},{"countryId":"US","name":"Portland","location":"-70.303611, 43.644444","friendlyName":"Portland, ME"},{"countryId":"US","name":"Rapid City Regional","location":"-103.056221, 44.040466","friendlyName":"Rapid City, SD"},{"countryId":"US","name":"Ruby","location":"-155.460833, 64.73","friendlyName":"Ruby, AK"},{"countryId":"US","name":"Roche Harbor","location":"-123.166667, 48.583333","friendlyName":"Roche Harbor, WA"},{"countryId":"US","name":"Redding","location":"-122.292222, 40.508333","friendlyName":"Redding, CA"},{"countryId":"US","name":"Redmond","location":"-121.151389, 44.254444","friendlyName":"Redmond, OR"},{"countryId":"US","name":"Raleigh / Durham","location":"-78.781944, 35.875278","friendlyName":"Durham, NC"},{"countryId":"US","name":"Red Devil","location":"-157.346944, 61.787222","friendlyName":"Red Devil, AK"},{"countryId":"US","name":"Rhinelander","location":"-89.4575, 45.631389","friendlyName":"Rhinelander, WI"},{"countryId":"US","name":"Richmond","location":"-77.3225, 37.506111","friendlyName":"Richmond, VA"},{"countryId":"US","name":"Riverton","location":"-108.453941, 43.06337","friendlyName":"Riverton, WY"},{"countryId":"US","name":"Rockland","location":"-69.098056, 44.059167","friendlyName":"Rockland, ME"},{"countryId":"US","name":"Rock Springs","location":"-109.065742, 41.594648","friendlyName":"Rock Springs, WY"},{"countryId":"US","name":"Rampart","location":"-150.140278, 65.508333","friendlyName":"Rampart, AK"},{"countryId":"US","name":"Reno / Tahoe","location":"-119.7675, 39.497778","friendlyName":"Reno, NV"},{"countryId":"US","name":"Roanoke","location":"-79.976389, 37.324722","friendlyName":"Roanoke, VA"},{"countryId":"US","name":"Rochester","location":"-77.670833, 43.121389","friendlyName":"Rochester, NY"},{"countryId":"US","name":"Roswell","location":"-104.523926, 33.297247","friendlyName":"Roswell, NM"},{"countryId":"US","name":"Russian Mission","location":"-161.319167, 61.783056","friendlyName":"Russian Mission, AK"},{"countryId":"US","name":"Rosario","location":"-122.868433, 48.64601","friendlyName":"Rosario, WA"},{"countryId":"US","name":"Rochester Municipal","location":"-92.496389, 43.910278","friendlyName":"Rochester, MN"},{"countryId":"US","name":"Rutland","location":"-72.948333, 43.529444","friendlyName":"Rutland, VT"},{"countryId":"US","name":"Sacramento Stockton","location":"-121.239167, 37.894444","friendlyName":"Sacramento, CA"},{"countryId":"US","name":"Sacramento International","location":"-121.5983, 38.6956","friendlyName":"Sacramento, CA"},{"countryId":"US","name":"McClellan-Palomar","location":"-117.278194, 33.128136","friendlyName":"San Diego, CA"},{"countryId":"US","name":"San Diego International","location":"-117.187222, 32.732778","friendlyName":"San Diego, CA"},{"countryId":"US","name":"San Antonio Martindale AAF","location":"-98.5, 29.416667"},{"countryId":"US","name":"San Antonio International","location":"-98.471944, 29.538333","friendlyName":"San Antonio, TX"},{"countryId":"US","name":"Savannah / Hilton Head","location":"-81.199444, 32.127222","friendlyName":"Savannah, GA"},{"countryId":"US","name":"Savannah Hunter AAF","location":"-81.14568, 32.01"},{"countryId":"US","name":"Santa Barbara Municipal","location":"-119.839444, 34.427778","friendlyName":"Santa Barbara, CA"},{"countryId":"US","name":"South Bend","location":"-86.3125, 41.704444","friendlyName":"South Bend, IN"},{"countryId":"US","name":"San Bernardino Norton AFB","location":"-117.233333, 34.116667"},{"countryId":"US","name":"Salisbury-Ocean City","location":"-75.51, 38.338611","friendlyName":"Salisbury-Ocean City, MD"},{"countryId":"US","name":"Deadhorse (Prudhoe Bay)","location":"-148.454132, 70.194178","friendlyName":"Deadhorse, AK"},{"countryId":"US","name":"State College","location":"-77.848611, 40.849167","friendlyName":"State College, PA"},{"countryId":"US","name":"Scammon Bay","location":"-165.593889, 61.846389","friendlyName":"Scammon Bay, AK"},{"countryId":"US","name":"Louisville Standiford Field","location":"-85.738611, 38.179722","friendlyName":"Louisville, KY"},{"countryId":"US","name":"Sand Point","location":"-160.513889, 55.316667","friendlyName":"Sand Point, AK"},{"countryId":"US","name":"Sidney","location":"-104.195366, 47.706527","friendlyName":"Sidney, MT"},{"countryId":"US","name":"Seattle Boeing Fld","location":"-122.299444, 47.528889","friendlyName":"Seattle, WA"},{"countryId":"US","name":"Seattle Lake Union SPB","location":"-122.331667, 47.6275","friendlyName":"Seattle, WA"},{"countryId":"US","name":"Seattle / Tacoma International","location":"-122.305556, 47.447222","friendlyName":"Seattle, WA"},{"countryId":"US","name":"San Francisco International","location":"-122.374889, 37.618972","friendlyName":"San Francisco, CA"},{"countryId":"US","name":"Springfield-Branson Rg","location":"-93.385, 37.24","friendlyName":"Springfield, MO"},{"countryId":"US","name":"Stuttgart","location":"-91.57457, 34.60037","friendlyName":"Stuttgart, AR"},{"countryId":"US","name":"Saint George","location":"-113.59314, 37.092705","friendlyName":"Saint George, UT"},{"countryId":"US","name":"Skagway","location":"-135.315556, 59.460556","friendlyName":"Skagway, AK"},{"countryId":"US","name":"Staunton","location":"-78.896667, 38.263889","friendlyName":"Staunton, VA"},{"countryId":"US","name":"Shungnak","location":"-157.157778, 66.889722","friendlyName":"Shungnak, AK"},{"countryId":"US","name":"Shishmaref","location":"-166.058333, 66.256944","friendlyName":"Shishmaref, AK"},{"countryId":"US","name":"Sheridan","location":"-106.977654, 44.771599","friendlyName":"Sheridan, WY"},{"countryId":"US","name":"Shreveport Regional","location":"-93.825556, 32.446667","friendlyName":"Shreveport, LA"},{"countryId":"US","name":"Shageluk","location":"-159.566667, 62.695833","friendlyName":"Shageluk, AK"},{"countryId":"US","name":"Sitka","location":"-135.364051, 57.048551","friendlyName":"Sitka, AK"},{"countryId":"US","name":"San Jose International","location":"-121.928938, 37.363947","friendlyName":"San Jose, CA"},{"countryId":"US","name":"San Angelo Mathis Fld","location":"-100.494444, 31.359722","friendlyName":"San Angelo, TX"},{"countryId":"US","name":"Shaktoolik","location":"-161.138889, 64.324167","friendlyName":"Shaktoolik, AK"},{"countryId":"US","name":"Salt Lake City","location":"-111.979523, 40.797437","friendlyName":"Salt Lake City, UT"},{"countryId":"US","name":"Saranac Lake","location":"-74.206667, 44.382778","friendlyName":"Saranac Lake, NY"},{"countryId":"US","name":"Salina","location":"-97.6525, 38.790833","friendlyName":"Salina, KS"},{"countryId":"US","name":"Sleetmute","location":"-157.166667, 61.705","friendlyName":"Sleetmute, AK"},{"countryId":"US","name":"St Michael","location":"-162.027778, 63.484167","friendlyName":"St Michael, AK"},{"countryId":"US","name":"Santa Maria","location":"-120.457778, 34.905","friendlyName":"Santa Maria, CA"},{"countryId":"US","name":"Santa Ana John Wayne","location":"-117.866944, 33.675556","friendlyName":"Santa Ana, CA"},{"countryId":"US","name":"Saint Paul Island","location":"-170.217222, 57.152222","friendlyName":"Saint Paul Island, AK"},{"countryId":"US","name":"Seldovia","location":"-151.716667, 59.45","friendlyName":"Seldovia, AK"},{"countryId":"US","name":"Show Low","location":"-110.003014, 34.266296","friendlyName":"Show Low, AZ"},{"countryId":"US","name":"Springfield","location":"-89.678889, 39.844167","friendlyName":"Springfield, IL"},{"countryId":"US","name":"Wichita Falls Sheppard AFB","location":"-98.491944, 33.988333","friendlyName":"Wichita Falls, TX"},{"countryId":"US","name":"Sarasota","location":"-82.554167, 27.393889","friendlyName":"Sarasota, FL"},{"countryId":"US","name":"Stony River","location":"-156.586111, 61.791111","friendlyName":"Stony River, AK"},{"countryId":"US","name":"Brunswick Glynco Jetport","location":"-81.467056, 31.253607","friendlyName":"Brunswick, GA"},{"countryId":"US","name":"Sault Ste Marie Chippewa County","location":"-84.470787, 46.250149","friendlyName":"Sault Ste Marie, MI"},{"countryId":"US","name":"St Cloud","location":"-94.060822, 45.546515","friendlyName":"St Cloud, MN"},{"countryId":"US","name":"St George Island","location":"-169.665685, 56.577688","friendlyName":"St George Island, AK"},{"countryId":"US","name":"St Louis","location":"-90.3644, 38.7472","friendlyName":"St Louis, MO"},{"countryId":"US","name":"Santa Rosa","location":"-122.811667, 38.508889","friendlyName":"Santa Rosa, CA"},{"countryId":"US","name":"Hailey","location":"-114.2962, 43.5044","friendlyName":"Hailey, ID"},{"countryId":"US","name":"Sioux City","location":"-96.384167, 42.401944","friendlyName":"Sioux City, IA"},{"countryId":"US","name":"Savoonga","location":"-170.459444, 63.693333","friendlyName":"Savoonga, AK"},{"countryId":"US","name":"Silver City","location":"-108.154221, 32.632147","friendlyName":"Silver City, NM"},{"countryId":"US","name":"Stevens Village","location":"-149.094167, 66.009444","friendlyName":"Stevens Village, AK"},{"countryId":"US","name":"Stillwater","location":"-97.085556, 36.158889","friendlyName":"Stillwater, OK"},{"countryId":"US","name":"Sheldon Point","location":"-164.833333, 62.533333","friendlyName":"Sheldon Point, AK"},{"countryId":"US","name":"Sidney","location":"-75.4, 42.316667"},{"countryId":"US","name":"Seal Bay","location":"-152.5, 58.166667","friendlyName":"Seal Bay, AK"},{"countryId":"US","name":"Syracuse","location":"-76.1025, 43.110556","friendlyName":"Syracuse, NY"},{"countryId":"US","name":"Tanana","location":"-152.108056, 65.175","friendlyName":"Tanana, AK"},{"countryId":"US","name":"Fort Leonard Wood","location":"-92.140556, 37.741389","friendlyName":"Fort Leonard Wood, MO"},{"countryId":"US","name":"Takotna","location":"-156.065556, 62.992778","friendlyName":"Takotna, AK"},{"countryId":"US","name":"Teterboro","location":"-74.062222, 40.849722"},{"countryId":"US","name":"Telluride","location":"-107.909088, 37.953132","friendlyName":"Telluride, CO"},{"countryId":"US","name":"Tenakee Springs","location":"-135.216667, 57.783333","friendlyName":"Tenakee Springs, AK"},{"countryId":"US","name":"Tok","location":"-143, 63.3","friendlyName":"Tok, AK"},{"countryId":"US","name":"Teller","location":"-166.331034, 65.240607","friendlyName":"Teller, AK"},{"countryId":"US","name":"Tallahassee","location":"-84.351944, 30.399722","friendlyName":"Tallahassee, FL"},{"countryId":"US","name":"Tatalina","location":"-155.968056, 62.885278","friendlyName":"Tatalina, AK"},{"countryId":"US","name":"Tuluksak","location":"-160.964722, 61.098889","friendlyName":"Tuluksak, AK"},{"countryId":"US","name":"Tin City","location":"-167.918889, 65.563889","friendlyName":"Tin City, AK"},{"countryId":"US","name":"Tununak","location":"-165.266667, 60.570833","friendlyName":"Tununak, AK"},{"countryId":"US","name":"Togiak Village","location":"-160.382222, 59.056667","friendlyName":"Togiak Village, AK"},{"countryId":"US","name":"Toledo Express","location":"-83.800833, 41.590833","friendlyName":"Toledo, OH"},{"countryId":"US","name":"Topeka Forbes AFB","location":"-95.6625, 38.9525","friendlyName":"Topeka, KS"},{"countryId":"US","name":"Tampa International","location":"-82.535278, 27.973056","friendlyName":"Tampa, FL"},{"countryId":"US","name":"Tri-Cities","location":"-82.405701, 36.478448","friendlyName":"Kingsport, TN"},{"countryId":"US","name":"Tehachapi","location":"-118.441667, 35.1375"},{"countryId":"US","name":"Tulsa International","location":"-95.889722, 36.197778","friendlyName":"Tulsa, OK"},{"countryId":"US","name":"Tupelo","location":"-88.767222, 34.258889","friendlyName":"Tupelo, MS"},{"countryId":"US","name":"Tucson Davis Monthan AFB","location":"-110.883056, 32.166389"},{"countryId":"US","name":"Tucson International","location":"-110.928955, 32.107297","friendlyName":"Tucson, AZ"},{"countryId":"US","name":"Traverse City","location":"-85.585833, 44.74","friendlyName":"Traverse City, MI"},{"countryId":"US","name":"Thief River Falls","location":"-96.185, 48.066111","friendlyName":"Thief River Falls, MN"},{"countryId":"US","name":"Twin Hills","location":"-160.27278, 59.07556","friendlyName":"Twin Hills, AK"},{"countryId":"US","name":"Twin Falls","location":"-114.486668, 42.481944","friendlyName":"Twin Falls, ID"},{"countryId":"US","name":"Texarkana","location":"-93.989167, 33.456389","friendlyName":"Texarkana, AR"},{"countryId":"US","name":"Tyler","location":"-95.398889, 32.354722","friendlyName":"Tyler, TX"},{"countryId":"US","name":"Knoxville","location":"-83.9925, 35.812222","friendlyName":"Knoxville, TN"},{"countryId":"US","name":"Columbus Golden Triangle Reg.","location":"-88.6, 33.45","friendlyName":"Columbus, MS"},{"countryId":"US","name":"Uganik","location":"-153.5, 57.883333","friendlyName":"Uganik, AK"},{"countryId":"US","name":"Quincy","location":"-91.197222, 39.944167","friendlyName":"Quincy, IL"},{"countryId":"US","name":"Unalakleet","location":"-160.793889, 63.884722","friendlyName":"Unalakleet, AK"},{"countryId":"US","name":"Concord Regional","location":"-80.709167, 35.387778","friendlyName":"Concord, NC"},{"countryId":"US","name":"St Augustine","location":"-81.339169, 29.959248","friendlyName":"St Augustine, FL"},{"countryId":"US","name":"Utopia Creek","location":"-153.701667, 65.993333"},{"countryId":"US","name":"Chevak","location":"-165.590278, 61.528611","friendlyName":"Chevak, AK"},{"countryId":"US","name":"Victoria","location":"-96.914444, 28.851111","friendlyName":"Victoria, TX"},{"countryId":"US","name":"Valdez","location":"-146.238889, 61.1325","friendlyName":"Valdez, AK"},{"countryId":"US","name":"Venetie","location":"-146.411111, 67.023056","friendlyName":"Venetie, AK"},{"countryId":"US","name":"Vernal","location":"-109.511032, 40.438847","friendlyName":"Vernal, UT"},{"countryId":"US","name":"Visalia","location":"-119.393889, 36.319444","friendlyName":"Visalia, CA"},{"countryId":"US","name":"Valdosta Regional","location":"-83.277222, 30.783889","friendlyName":"Valdosta, GA"},{"countryId":"US","name":"Valparaiso Ft. Walton Beach","location":"-86.527222, 30.489444","friendlyName":"Valparaiso, FL"},{"countryId":"US","name":"Vero Beach","location":"-80.413611, 27.6525"},{"countryId":"US","name":"Wales","location":"-168.090833, 65.617222","friendlyName":"Wales, AK"},{"countryId":"US","name":"Baltimore Washington International","location":"-76.671389, 39.175556","friendlyName":"Washington, DC"},{"countryId":"US","name":"Washington Ronald Reagan","location":"-77.0369, 38.8517","friendlyName":"Washington, DC"},{"countryId":"US","name":"Washington Dulles","location":"-77.45, 38.95","friendlyName":"Washington, DC"},{"countryId":"US","name":"Stebbins","location":"-162.278889, 63.516667","friendlyName":"Stebbins, AK"},{"countryId":"US","name":"Beaver","location":"-147.408333, 66.362222","friendlyName":"Beaver, AK"},{"countryId":"US","name":"Hyder","location":"-130.083333, 55.916667","friendlyName":"Hyder, AK"},{"countryId":"US","name":"Selawik","location":"-159.983333, 66.602778","friendlyName":"Selawik, AK"},{"countryId":"US","name":"Meyers Chuck","location":"-132.183333, 55.733333","friendlyName":"Meyers Chuck, AK"},{"countryId":"US","name":"White Mountain","location":"-163.406667, 64.686944","friendlyName":"White Mountain, AK"},{"countryId":"US","name":"Napakiak","location":"-161.978645, 60.690536","friendlyName":"Napakiak, AK"},{"countryId":"US","name":"Wrangell","location":"-132.366667, 56.484444","friendlyName":"Wrangell, AK"},{"countryId":"US","name":"South Naknek","location":"-156.940556, 58.7273","friendlyName":"South Naknek, AK"},{"countryId":"US","name":"Westsound","location":"-122.95289, 48.617364","friendlyName":"Westsound, WA"},{"countryId":"US","name":"Noatak","location":"-162.984167, 67.563056","friendlyName":"Noatak, AK"},{"countryId":"US","name":"Tuntutuliak","location":"-162.633333, 60.35","friendlyName":"Tuntutuliak, AK"},{"countryId":"US","name":"Whale Pass","location":"-133.833333, 56.666667","friendlyName":"Whale Pass, AK"},{"countryId":"US","name":"Newtok","location":"-164.648611, 60.922778","friendlyName":"Newtok, AK"},{"countryId":"US","name":"West Yellowstone","location":"-111.104722, 44.686667","friendlyName":"West Yellowstone, MT"},{"countryId":"US","name":"Yakutat","location":"-139.659722, 59.509167","friendlyName":"Yakutat, AK"},{"countryId":"US","name":"Yakima Air Terminal","location":"-120.537778, 46.566944","friendlyName":"Yakima, WA"},{"countryId":"US","name":"Youngstown","location":"-80.669722, 41.256111","friendlyName":"Youngstown, OH"},{"countryId":"US","name":"Yuma International","location":"-114.606972, 32.655852","friendlyName":"Yuma, AZ"},{"countryId":"US","name":"Santa Fe","location":"-106.090164, 35.616837","friendlyName":"Santa Fe, NM"}]